{
  "clarity-dashboard-line": "/assets/icons/clarity-dashboard-line.svg",
  "codicon--json": "/assets/icons/codicon--json.svg",
  "codicon--layout-sidebar-left-off": "/assets/icons/codicon--layout-sidebar-left-off.svg",
  "codicon--layout-sidebar-left": "/assets/icons/codicon--layout-sidebar-left.svg",
  "codicon--python": "/assets/icons/codicon--python.svg",
  "codicon--symbol-property": "/assets/icons/codicon--symbol-property.svg",
  "devicon--java": "/assets/icons/devicon--java.svg",
  "eos-icons-loading": "/assets/icons/eos-icons-loading.svg",
  "file-icons--typescript": "/assets/icons/file-icons--typescript.svg",
  "hugeicons--property-add": "/assets/icons/hugeicons--property-add.svg",
  "hugeicons--property-delete": "/assets/icons/hugeicons--property-delete.svg",
  "hugeicons--property-edit": "/assets/icons/hugeicons--property-edit.svg",
  "hugeicons--property-new": "/assets/icons/hugeicons--property-new.svg",
  "hugeicons--property-search": "/assets/icons/hugeicons--property-search.svg",
  "hugeicons--property-view": "/assets/icons/hugeicons--property-view.svg",
  "ic--outline-class": "/assets/icons/ic--outline-class.svg",
  "ic--outline-clear": "/assets/icons/ic--outline-clear.svg",
  "iconamoon-cloud-download-light": "/assets/icons/material-symbols-cloud-download.svg",
  "ion-code-slash": "/assets/icons/ion-code-slash.svg",
  "logos-google-drive": "/assets/icons/logos-google-drive.svg",
  "majesticons-dashboard-line": "/assets/icons/clarity-dashboard-line.svg",
  "majesticons-question-mark-circle-line": "/assets/icons/mdi-question-mark-circle-outline.svg",
  "material-icon-theme--cpp": "/assets/icons/material-icon-theme--cpp.svg",
  "material-icon-theme--email": "/assets/icons/material-icon-theme--email.svg",
  "material-icon-theme--folder-firestore": "/assets/icons/material-icon-theme--folder-firestore.svg",
  "material-icon-theme--folder-queue-open": "/assets/icons/material-icon-theme--folder-queue-open.svg",
  "material-icon-theme--folder-queue": "/assets/icons/material-icon-theme--folder-queue.svg",
  "material-icon-theme--typescript": "/assets/icons/material-icon-theme--typescript.svg",
  "material-icon-theme--xml": "/assets/icons/material-icon-theme--xml.svg",
  "material-symbols--format-ink-highlighter": "/assets/icons/material-symbols--format-ink-highlighter.svg",
  "material-symbols--format-quote": "/assets/icons/material-symbols--format-quote.svg",
  "material-symbols-add": "/assets/icons/material-symbols-add.svg",
  "material-symbols-analytics": "/assets/icons/material-symbols-analytics.svg",
  "material-symbols-animation": "/assets/icons/material-symbols-animation.svg",
  "material-symbols-api": "/assets/icons/material-symbols-api.svg",
  "material-symbols-arrow-back": "/assets/icons/material-symbols-arrow-back.svg",
  "material-symbols-arrow-downward": "/assets/icons/material-symbols-arrow-downward.svg",
  "material-symbols-arrow-forward": "/assets/icons/material-symbols-arrow-forward.svg",
  "material-symbols-arrow-upward": "/assets/icons/material-symbols-arrow-upward.svg",
  "material-symbols-auto-mode": "/assets/icons/material-symbols-auto-mode.svg",
  "material-symbols-autorenew": "/assets/icons/material-symbols-autorenew.svg",
  "material-symbols-backup": "/assets/icons/material-symbols-backup.svg",
  "material-symbols-block": "/assets/icons/material-symbols-block.svg",
  "material-symbols-bookmark-outline": "/assets/icons/material-symbols-bookmark-outline.svg",
  "material-symbols-bookmark": "/assets/icons/material-symbols-bookmark.svg",
  "material-symbols-bug-report": "/assets/icons/material-symbols-bug-report.svg",
  "material-symbols-calendar-today": "/assets/icons/material-symbols-calendar-today.svg",
  "material-symbols-chat": "/assets/icons/material-symbols-chat.svg",
  "material-symbols-check-circle": "/assets/icons/material-symbols-check-circle.svg",
  "material-symbols-circle": "/assets/icons/material-symbols-circle.svg",
  "material-symbols-clear-all": "/assets/icons/material-symbols-clear-all.svg",
  "material-symbols-close": "/assets/icons/material-symbols-close.svg",
  "material-symbols-cloud-download": "/assets/icons/material-symbols-cloud-download.svg",
  "material-symbols-cloud-sync": "/assets/icons/material-symbols-cloud-sync.svg",
  "material-symbols-cloud": "/assets/icons/material-symbols-cloud.svg",
  "material-symbols-code-blocks": "/assets/icons/material-symbols-code-blocks.svg",
  "material-symbols-code-off": "/assets/icons/material-symbols-code-off.svg",
  "material-symbols-code": "/assets/icons/material-symbols-code.svg",
  "material-symbols-computer": "/assets/icons/material-symbols-computer.svg",
  "material-symbols-contact-support": "/assets/icons/material-symbols-contact-support.svg",
  "material-symbols-content-copy": "/assets/icons/material-symbols-content-copy.svg",
  "material-symbols-create-new-folder": "/assets/icons/material-symbols-create-new-folder.svg",
  "material-symbols-css": "/assets/icons/material-symbols-css.svg",
  "material-symbols-currency-bitcoin": "/assets/icons/material-symbols-currency-bitcoin.svg",
  "material-symbols-dark-mode": "/assets/icons/material-symbols-dark-mode.svg",
  "material-symbols-dashboard": "/assets/icons/material-symbols-dashboard.svg",
  "material-symbols-data-usage": "/assets/icons/material-symbols-data-usage.svg",
  "material-symbols-delete": "/assets/icons/material-symbols-delete.svg",
  "material-symbols-description": "/assets/icons/material-symbols-description.svg",
  "material-symbols-desktop-windows": "/assets/icons/material-symbols-desktop-windows.svg",
  "material-symbols-download": "/assets/icons/material-symbols-download.svg",
  "material-symbols-drag-handle": "/assets/icons/material-symbols-drag-handle.svg",
  "material-symbols-edit": "/assets/icons/material-symbols-edit.svg",
  "material-symbols-error": "/assets/icons/material-symbols-error.svg",
  "material-symbols-expand-less": "/assets/icons/material-symbols-expand-less.svg",
  "material-symbols-expand-more": "/assets/icons/material-symbols-expand-more.svg",
  "material-symbols-favorite-outline": "/assets/icons/material-symbols-favorite-outline.svg",
  "material-symbols-favorite": "/assets/icons/material-symbols-favorite.svg",
  "material-symbols-file-open": "/assets/icons/material-symbols-file-open.svg",
  "material-symbols-filter-list": "/assets/icons/material-symbols-filter-list.svg",
  "material-symbols-flag": "/assets/icons/material-symbols-flag.svg",
  "material-symbols-flash-on": "/assets/icons/material-symbols-flash-on.svg",
  "material-symbols-folder-open": "/assets/icons/material-symbols-folder-open.svg",
  "material-symbols-folder": "/assets/icons/material-symbols-folder.svg",
  "material-symbols-format-list-numbered": "/assets/icons/material-symbols-format-list-numbered.svg",
  "material-symbols-forum": "/assets/icons/material-symbols-forum.svg",
  "material-symbols-function": "/assets/icons/material-symbols-function.svg",
  "material-symbols-gavel": "/assets/icons/material-symbols-gavel.svg",
  "material-symbols-grid-view": "/assets/icons/material-symbols-grid-view.svg",
  "material-symbols-handshake": "/assets/icons/material-symbols-handshake.svg",
  "material-symbols-help-center": "/assets/icons/material-symbols-help-center.svg",
  "material-symbols-help": "/assets/icons/material-symbols-help.svg",
  "material-symbols-history": "/assets/icons/material-symbols-history.svg",
  "material-symbols-html": "/assets/icons/material-symbols-html.svg",
  "material-symbols-info": "/assets/icons/material-symbols-info.svg",
  "material-symbols-javascript": "/assets/icons/material-symbols-javascript.svg",
  "material-symbols-key": "/assets/icons/material-symbols-key.svg",
  "material-symbols-language": "/assets/icons/material-symbols-language.svg",
  "material-symbols-library-books": "/assets/icons/material-symbols-library-books.svg",
  "material-symbols-light-mode": "/assets/icons/material-symbols-light-mode.svg",
  "material-symbols-lightbulb": "/assets/icons/material-symbols-lightbulb.svg",
  "material-symbols-list-alt": "/assets/icons/material-symbols-list-alt.svg",
  "material-symbols-list": "/assets/icons/material-symbols-list.svg",
  "material-symbols-lock": "/assets/icons/material-symbols-lock.svg",
  "material-symbols-markdown": "/assets/icons/material-symbols-markdown.svg",
  "material-symbols-memory": "/assets/icons/material-symbols-memory.svg",
  "material-symbols-menu-book": "/assets/icons/material-symbols-menu-book.svg",
  "material-symbols-monitor-heart": "/assets/icons/material-symbols-monitor-heart.svg",
  "material-symbols-network-wifi": "/assets/icons/material-symbols-network-wifi.svg",
  "material-symbols-open-in-new": "/assets/icons/material-symbols-open-in-new.svg",
  "material-symbols-palette": "/assets/icons/material-symbols-palette.svg",
  "material-symbols-pause": "/assets/icons/material-symbols-pause.svg",
  "material-symbols-person-off": "/assets/icons/material-symbols-person-off.svg",
  "material-symbols-person": "/assets/icons/material-symbols-person.svg",
  "material-symbols-php": "/assets/icons/material-symbols-php.svg",
  "material-symbols-play-arrow": "/assets/icons/material-symbols-play-arrow.svg",
  "material-symbols-play-circle": "/assets/icons/material-symbols-play-circle.svg",
  "material-symbols-public": "/assets/icons/material-symbols-public.svg",
  "material-symbols-refresh": "/assets/icons/material-symbols-refresh.svg",
  "material-symbols-restart-alt": "/assets/icons/material-symbols-restart-alt.svg",
  "material-symbols-rocket-launch-rounded": "/assets/icons/material-symbols-rocket-launch-rounded.svg",
  "material-symbols-rocket-launch": "/assets/icons/material-symbols-rocket-launch.svg",
  "material-symbols-save": "/assets/icons/material-symbols-save.svg",
  "material-symbols-schedule": "/assets/icons/material-symbols-schedule.svg",
  "material-symbols-science": "/assets/icons/material-symbols-science.svg",
  "material-symbols-search": "/assets/icons/material-symbols-search.svg",
  "material-symbols-security": "/assets/icons/material-symbols-security.svg",
  "material-symbols-send": "/assets/icons/material-symbols-send.svg",
  "material-symbols-settings-backup-restore": "/assets/icons/material-symbols-settings-backup-restore.svg",
  "material-symbols-settings": "/assets/icons/material-symbols-settings.svg",
  "material-symbols-shield": "/assets/icons/material-symbols-shield.svg",
  "material-symbols-solar-power": "/assets/icons/material-symbols-solar-power.svg",
  "material-symbols-speed": "/assets/icons/material-symbols-speed.svg",
  "material-symbols-star": "/assets/icons/material-symbols-star.svg",
  "material-symbols-stop": "/assets/icons/material-symbols-stop.svg",
  "material-symbols-storage": "/assets/icons/material-symbols-storage.svg",
  "material-symbols-system-update": "/assets/icons/material-symbols-system-update.svg",
  "material-symbols-table": "/assets/icons/material-symbols-table.svg",
  "material-symbols-timer": "/assets/icons/material-symbols-timer.svg",
  "material-symbols-translate": "/assets/icons/material-symbols-translate.svg",
  "material-symbols-trending-up": "/assets/icons/material-symbols-trending-up.svg",
  "material-symbols-tune": "/assets/icons/material-symbols-tune.svg",
  "material-symbols-unfold-more": "/assets/icons/material-symbols-unfold-more.svg",
  "material-symbols-update": "/assets/icons/material-symbols-update.svg",
  "material-symbols-upload": "/assets/icons/material-symbols-upload.svg",
  "material-symbols-vertical-align-bottom": "/assets/icons/material-symbols-vertical-align-bottom.svg",
  "material-symbols-visibility-off": "/assets/icons/material-symbols-visibility-off.svg",
  "material-symbols-visibility": "/assets/icons/material-symbols-visibility.svg",
  "material-symbols-volunteer-activism": "/assets/icons/material-symbols-volunteer-activism.svg",
  "material-symbols-warning": "/assets/icons/material-symbols-warning.svg",
  "material-symbols-widgets": "/assets/icons/material-symbols-widgets.svg",
  "material-symbols-work-history": "/assets/icons/material-symbols-work-history.svg",
  "material-symbols-work-outline": "/assets/icons/material-symbols-work-outline.svg",
  "material-symbols-zoom-in": "/assets/icons/material-symbols-zoom-in.svg",
  "material-symbols-zoom-out": "/assets/icons/material-symbols-zoom-out.svg",
  "mdi--clear-bold": "/assets/icons/mdi--clear-bold.svg",
  "mdi--email-outline": "/assets/icons/mdi--email-outline.svg",
  "mdi--proxy": "/assets/icons/mdi--proxy.svg",
  "mdi-alert-circle": "/assets/icons/mdi-alert-circle.svg",
  "mdi-apple": "/assets/icons/mdi-apple.svg",
  "mdi-backup-restore": "/assets/icons/mdi-backup-restore.svg",
  "mdi-bitbucket": "/assets/icons/mdi-bitbucket.svg",
  "mdi-check-circle": "/assets/icons/mdi-check-circle.svg",
  "mdi-file-multiple": "/assets/icons/mdi-file-multiple.svg",
  "mdi-folder-multiple": "/assets/icons/mdi-folder-multiple.svg",
  "mdi-folder-off": "/assets/icons/mdi-folder-off.svg",
  "mdi-folder": "/assets/icons/mdi-folder.svg",
  "mdi-github": "/assets/icons/mdi-github.svg",
  "mdi-gitlab": "/assets/icons/mdi-gitlab.svg",
  "mdi-harddisk-plus": "/assets/icons/mdi-harddisk-plus.svg",
  "mdi-harddisk": "/assets/icons/mdi-harddisk.svg",
  "mdi-home": "/assets/icons/mdi-home.svg",
  "mdi-linux": "/assets/icons/mdi-linux.svg",
  "mdi-microsoft-windows": "/assets/icons/mdi-microsoft-windows.svg",
  "mdi-question-mark-circle-outline": "/assets/icons/mdi-question-mark-circle-outline.svg",
  "mdi-server": "/assets/icons/mdi-server.svg",
  "mdi-tag": "/assets/icons/mdi-tag.svg",
  "mdi-usb": "/assets/icons/mdi-usb.svg",
  "proicons-code": "/assets/icons/proicons-code.svg",
  "ri--input-method-fill": "/assets/icons/ri--input-method-fill.svg",
  "simple-icons-bootstrap": "/assets/icons/simple-icons-bootstrap.svg",
  "simple-icons-codepen": "/assets/icons/simple-icons-codepen.svg",
  "simple-icons-microsoftonedrive": "/assets/icons/simple-icons-microsoftonedrive.svg",
  "simple-icons-session": "/assets/icons/simple-icons-session.svg",
  "simple-icons-stackoverflow": "/assets/icons/simple-icons-stackoverflow.svg",
  "solar--cpu-bold": "/assets/icons/solar--cpu-bold.svg",
  "solar-folder-with-files-linear": "/assets/icons/material-symbols-folder-open.svg",
  "solar-moon-linear": "/assets/icons/material-symbols-dark-mode.svg",
  "solar-sun-linear": "/assets/icons/material-symbols-light-mode.svg",
  "svg-spinners-bars-rotate-fade": "/assets/icons/svg-spinners-bars-rotate-fade.svg",
  "vscode-icons--file-type-cpp2": "/assets/icons/vscode-icons--file-type-cpp2.svg",
  "vscode-icons--file-type-cpp3": "/assets/icons/vscode-icons--file-type-cpp3.svg",
  "vscode-icons--file-type-java": "/assets/icons/vscode-icons--file-type-java.svg",
  "vscode-icons--file-type-json": "/assets/icons/vscode-icons--file-type-json.svg",
  "vscode-icons--file-type-python": "/assets/icons/vscode-icons--file-type-python.svg",
  "vscode-icons-file-type-cpp": "/assets/icons/vscode-icons-file-type-cpp.svg",
  "vscode-icons-file-type-csharp": "/assets/icons/vscode-icons-file-type-csharp.svg",
  "vscode-icons-file-type-css": "/assets/icons/vscode-icons-file-type-css.svg",
  "vscode-icons-file-type-go": "/assets/icons/vscode-icons-file-type-go.svg",
  "vscode-icons-file-type-html": "/assets/icons/vscode-icons-file-type-html.svg",
  "vscode-icons-file-type-java": "/assets/icons/vscode-icons-file-type-java.svg",
  "vscode-icons-file-type-js": "/assets/icons/vscode-icons-file-type-js.svg",
  "vscode-icons-file-type-json": "/assets/icons/vscode-icons-file-type-json.svg",
  "vscode-icons-file-type-markdown": "/assets/icons/vscode-icons-file-type-markdown.svg",
  "vscode-icons-file-type-php": "/assets/icons/vscode-icons-file-type-php.svg",
  "vscode-icons-file-type-python": "/assets/icons/vscode-icons-file-type-python.svg",
  "vscode-icons-file-type-ruby": "/assets/icons/vscode-icons-file-type-ruby.svg",
  "vscode-icons-file-type-rust": "/assets/icons/vscode-icons-file-type-rust.svg",
  "vscode-icons-file-type-typescript": "/assets/icons/vscode-icons-file-type-typescript.svg",
  "vscode-icons-file-type-xml": "/assets/icons/vscode-icons-file-type-xml.svg",
  "vscode-icons-file-type-yaml": "/assets/icons/vscode-icons-file-type-yaml.svg",
  "material-symbols-class": "/assets/icons/ic--outline-class.svg",
  "material-symbols-clear": "/assets/icons/mdi--clear-bold.svg",
  "material-symbols-cpp": "/assets/icons/vscode-icons--file-type-cpp2.svg",
  "material-symbols-cpu": "/assets/icons/solar--cpu-bold.svg",
  "material-symbols-email": "/assets/icons/mdi--email-outline.svg",
  "material-symbols-format_ink_highlighter": "/assets/icons/material-symbols--format-ink-highlighter.svg",
  "material-symbols-format_quote": "/assets/icons/material-symbols--format-quote.svg",
  "material-symbols-java": "/assets/icons/vscode-icons--file-type-java.svg",
  "material-symbols-json": "/assets/icons/vscode-icons--file-type-json.svg",
  "material-symbols-method": "/assets/icons/ri--input-method-fill.svg",
  "material-symbols-property": "/assets/icons/codicon--symbol-property.svg",
  "material-symbols-proxy": "/assets/icons/mdi--proxy.svg",
  "material-symbols-python": "/assets/icons/vscode-icons--file-type-python.svg",
  "material-symbols-queue": "/assets/icons/material-icon-theme--folder-queue.svg",
  "material-symbols-restore": "/assets/icons/mdi-backup-restore.svg",
  "material-symbols-sidebar": "/assets/icons/codicon--layout-sidebar-left.svg",
  "material-symbols-typescript": "/assets/icons/vscode-icons-file-type-typescript.svg",
  "material-symbols-xml": "/assets/icons/vscode-icons-file-type-xml.svg",
  "material-symbols:arrow-back": "/assets/icons/material-symbols-arrow-back.svg",
  "material-symbols:arrow-forward": "/assets/icons/material-symbols-arrow-forward.svg",
  "material-symbols:help-center": "/assets/icons/material-symbols-help-center.svg",
  "material-symbols:solar-power": "/assets/icons/material-symbols-solar-power.svg",
  "material-symbols:rocket-launch": "/assets/icons/material-symbols-rocket-launch.svg",
  "material-symbols:lock": "/assets/icons/material-symbols-lock.svg",
  "material-symbols:bug-report": "/assets/icons/material-symbols-bug-report.svg",
  "material-symbols:contact-support": "/assets/icons/material-symbols-contact-support.svg"
}